pt_idx,x,y
0,-2.125372,1.981105,0.000000
1,-2.074628,2.218895,0.000000