core_idx,g1,g2
0,0.116776,0.000000
1,0.064367,0.265687
2,0.022331,0.000000
3,0.031564,0.291819
4,0.128745,0.000000
5,0.370822,0.304111
6,0.262063,0.000000