pt_idx,x,y,z
0,0.103690,0.011863
1,0.155572,0.043787
2,0.160942,0.090599
3,0.157980,0.114482
4,0.138647,0.138026
5,0.120027,0.145682
6,0.113036,0.148389
7,0.088553,0.152846
8,0.050685,0.138302
9,0.047599,0.135328
10,0.032364,0.111644
11,0.022448,0.085963
12,0.028368,0.048816
13,0.039026,0.034698
14,0.045329,0.027583
15,0.071773,0.017024
16,0.082253,0.013878
17,0.103690,0.011863