pt_idx,x,y,z
0,0.078496,0.010365
1,0.122918,0.028358
2,0.139152,0.044139
3,0.147430,0.055402
4,0.151459,0.098560
5,0.140106,0.125594
6,0.120746,0.140475
7,0.091174,0.148586
8,0.051269,0.138422
9,0.021743,0.102571
10,0.023002,0.077138
11,0.025171,0.059006
12,0.033266,0.034794
13,0.078496,0.010365