pt_idx,x,y,z
0,-0.092300,-0.093119,0.000000
1,0.079757,0.078637,0.000000