pt_idx,x,y,z
0,-0.096024,-0.126810
1,-0.083251,-0.126166
2,-0.073934,-0.118608
3,-0.059168,-0.097496
4,-0.058956,-0.094546
5,-0.062780,-0.072135
6,-0.076187,-0.065510
7,-0.082116,-0.062776
8,-0.100233,-0.054424
9,-0.115362,-0.059020
10,-0.126837,-0.072189
11,-0.129472,-0.075596
12,-0.131175,-0.095267
13,-0.131101,-0.098836
14,-0.128246,-0.105086
15,-0.119776,-0.119038
16,-0.115656,-0.121624
17,-0.114630,-0.122249
18,-0.109915,-0.124029
19,-0.096024,-0.126810