pt_idx,x,y,z
0,-0.084263,-0.099579,0.000000
1,0.082195,0.093511,0.000000