pt_idx,x,y,z
0,-0.099651,-0.122849
1,-0.070476,-0.122243
2,-0.052220,-0.099038
3,-0.052028,-0.097890
4,-0.050775,-0.085868
5,-0.051670,-0.079648
6,-0.053208,-0.072399
7,-0.088820,-0.051148
8,-0.093587,-0.051810
9,-0.112088,-0.060779
10,-0.118979,-0.070249
11,-0.125408,-0.089373
12,-0.120496,-0.106920
13,-0.114166,-0.113473
14,-0.099651,-0.122849