pt_idx,x,y,z
0,-0.093939,-0.090428,0.000000
1,0.092099,0.086106,0.000000