pt_idx,x,y,z
0,-0.101019,-0.094353,0.000000
1,0.097155,0.079780,0.000000