pt_idx,x,y,z
0,0.079778,0.015004
1,0.104353,0.017271
2,0.131487,0.037249
3,0.143603,0.056552
4,0.147052,0.089827
5,0.135825,0.114763
6,0.124535,0.127401
7,0.108764,0.138305
8,0.073842,0.138401
9,0.052993,0.134890
10,0.035542,0.119538
11,0.021227,0.075552
12,0.020729,0.065450
13,0.028285,0.046725
14,0.038862,0.034309
15,0.064399,0.018101
16,0.079778,0.015004