pt_idx,x,y,z
0,-0.094475,-0.096326,0.000000
1,0.087351,0.095166,0.000000