pt_idx,x,y,z
0,-0.095987,-0.081964,0.000000
1,0.092489,0.078520,0.000000