pt_idx,x,y,z
0,-0.093130,-0.093554,0.000000
1,0.089072,0.090527,0.000000