pt_idx,x,y,z
0,-0.090373,-0.126861
1,-0.083817,-0.125926
2,-0.077076,-0.124250
3,-0.073211,-0.122860
4,-0.067680,-0.117937
5,-0.057919,-0.096810
6,-0.056880,-0.092340
7,-0.064464,-0.068661
8,-0.065634,-0.066913
9,-0.075151,-0.060347
10,-0.078879,-0.059097
11,-0.086990,-0.056711
12,-0.092796,-0.055306
13,-0.121337,-0.066674
14,-0.128044,-0.080060
15,-0.129892,-0.097378
16,-0.125426,-0.112401
17,-0.124251,-0.114699
18,-0.112879,-0.123044
19,-0.107206,-0.126819
20,-0.090373,-0.126861