pt_idx,x,y,z
0,0.091417,-0.021968
1,0.115420,-0.011448
2,0.149883,0.011445
3,0.154510,0.014608
4,0.173745,0.045329
5,0.173817,0.093730
6,0.173712,0.110165
7,0.154882,0.141336
8,0.147647,0.151560
9,0.117235,0.173597
10,0.096578,0.179322
11,0.033903,0.164995
12,0.017580,0.160759
13,0.007483,0.152763
14,-0.012897,0.123667
15,-0.025268,0.100863
16,-0.026188,0.060003
17,0.000298,0.007380
18,0.091417,-0.021968