pt_idx,x,y,z
0,0.061246,-0.016379
1,0.100274,-0.015393
2,0.147547,0.013470
3,0.163877,0.045030
4,0.170959,0.081043
5,0.167229,0.092442
6,0.152189,0.130962
7,0.136212,0.146945
8,0.118317,0.162272
9,0.062718,0.172247
10,0.021813,0.158685
11,0.003059,0.124983
12,-0.009518,0.077227
13,-0.007350,0.064723
14,0.001872,0.026858
15,0.027477,-0.003739
16,0.061246,-0.016379