pt_idx,x,y,z
0,-0.099232,-0.117466
1,-0.088241,-0.115693
2,-0.079462,-0.110716
3,-0.075465,-0.108389
4,-0.067933,-0.097944
5,-0.067014,-0.095140
6,-0.067003,-0.094950
7,-0.068753,-0.079088
8,-0.072296,-0.070614
9,-0.079257,-0.063875
10,-0.091698,-0.053409
11,-0.118219,-0.064897
12,-0.127793,-0.077958
13,-0.127375,-0.097957
14,-0.116127,-0.111433
15,-0.099232,-0.117466