pt_idx,x,y,z
0,-0.081824,-0.125544
1,-0.066665,-0.118565
2,-0.058984,-0.113461
3,-0.057112,-0.110030
4,-0.053271,-0.095275
5,-0.060836,-0.076635
6,-0.079924,-0.057195
7,-0.089189,-0.057858
8,-0.110544,-0.068357
9,-0.110940,-0.068986
10,-0.113638,-0.074553
11,-0.118810,-0.091185
12,-0.115425,-0.106670
13,-0.106408,-0.118481
14,-0.089560,-0.125114
15,-0.081824,-0.125544