pt_idx,x,y,z
0,-0.089283,-0.123271
1,-0.080051,-0.120537
2,-0.073030,-0.115135
3,-0.060413,-0.099944
4,-0.062059,-0.078634
5,-0.065409,-0.067483
6,-0.070710,-0.062110
7,-0.092189,-0.053098
8,-0.098128,-0.053180
9,-0.111075,-0.057870
10,-0.114360,-0.059303
11,-0.119263,-0.064225
12,-0.128578,-0.080990
13,-0.129243,-0.092390
14,-0.121489,-0.107733
15,-0.117036,-0.114252
16,-0.111325,-0.119747
17,-0.109647,-0.120800
18,-0.089283,-0.123271