pt_idx,x,y,z
0,0.095981,-0.027120
1,0.143538,0.000650
2,0.156752,0.010432
3,0.166650,0.021906
4,0.180386,0.050876
5,0.179369,0.092510
6,0.143811,0.135274
7,0.121757,0.160108
8,0.054365,0.165689
9,0.015998,0.142324
10,-0.008537,0.103703
11,-0.009177,0.076030
12,-0.003747,0.051473
13,0.026323,-0.006114
14,0.095981,-0.027120