pt_idx,x,y,z
0,-0.099024,-0.094304,0.000000
1,0.097638,0.085867,0.000000