pt_idx,x,y,z
0,0.080223,-0.007907
1,0.091073,-0.007820
2,0.165790,0.034294
3,0.173330,0.055019
4,0.175771,0.062329
5,0.178378,0.105895
6,0.176375,0.115219
7,0.166169,0.136861
8,0.144836,0.162137
9,0.124457,0.174341
10,0.086570,0.183599
11,0.069844,0.178239
12,0.013497,0.150194
13,-0.004270,0.065242
14,0.003648,0.028074
15,0.034908,0.004707
16,0.080223,-0.007907