pt_idx,x,y,z
0,-0.087366,-0.090175,0.000000
1,0.084966,0.087421,0.000000