pt_idx,x,y,z
0,-0.095373,-0.085878,0.000000
1,0.090526,0.083242,0.000000