pt_idx,x,y,z
0,0.090640,-0.005470
1,0.127365,0.006953
2,0.151043,0.017259
3,0.172541,0.046407
4,0.178703,0.101922
5,0.166945,0.131534
6,0.158105,0.151978
7,0.139000,0.171087
8,0.096357,0.182869
9,0.062732,0.187788
10,0.007506,0.158002
11,-0.012869,0.113802
12,-0.003842,0.067696
13,0.003099,0.040858
14,0.007609,0.035777
15,0.048461,-0.004799
16,0.090640,-0.005470