pt_idx,x,y,z
0,0.085395,0.004450
1,0.108688,0.010330
2,0.119749,0.017982
3,0.139590,0.034545
4,0.154566,0.054049
5,0.157523,0.086092
6,0.157139,0.088393
7,0.149940,0.105610
8,0.140061,0.122892
9,0.134084,0.127392
10,0.121658,0.134117
11,0.103910,0.141781
12,0.094277,0.145712
13,0.059384,0.140745
14,0.044766,0.131126
15,0.032785,0.116686
16,0.023180,0.076426
17,0.022213,0.069065
18,0.022628,0.051314
19,0.025185,0.038347
20,0.027806,0.032554
21,0.043727,0.018440
22,0.085395,0.004450