pt_idx,x,y,z
0,-0.090535,-0.135876
1,-0.074090,-0.132699
2,-0.052359,-0.109076
3,-0.050502,-0.106900
4,-0.050989,-0.098034
5,-0.053390,-0.076663
6,-0.068752,-0.062801
7,-0.087866,-0.060868
8,-0.095502,-0.062736
9,-0.105756,-0.066672
10,-0.123107,-0.074695
11,-0.124150,-0.075837
12,-0.126991,-0.093474
13,-0.126462,-0.095206
14,-0.118131,-0.119560
15,-0.106375,-0.131256
16,-0.103976,-0.132426
17,-0.090535,-0.135876