pt_idx,x,y,z
0,0.082991,-0.030265
1,0.103790,-0.013903
2,0.131257,0.007814
3,0.155592,0.033748
4,0.156702,0.039951
5,0.159438,0.059069
6,0.150649,0.098602
7,0.145661,0.118749
8,0.121344,0.144497
9,0.087372,0.156825
10,0.028541,0.153786
11,0.011245,0.149612
12,-0.009240,0.131554
13,-0.019576,0.114167
14,-0.030222,0.091468
15,-0.034795,0.076358
16,-0.031702,0.060447
17,-0.019373,0.011178
18,0.011387,-0.018193
19,0.082991,-0.030265