pt_idx,x,y,z
0,0.091693,0.023884
1,0.111639,0.037249
2,0.134521,0.054082
3,0.140939,0.079417
4,0.142247,0.088544
5,0.143285,0.108466
6,0.138532,0.120462
7,0.115970,0.146610
8,0.113199,0.148620
9,0.104229,0.153328
10,0.087951,0.160689
11,0.078570,0.159683
12,0.049900,0.154084
13,0.032509,0.144746
14,0.010517,0.114123
15,0.010078,0.060723
16,0.022765,0.040852
17,0.064235,0.028785
18,0.091693,0.023884