pt_idx,x,y,z
0,-0.095093,-0.093098,0.000000
1,0.083001,0.087658,0.000000