pt_idx,x,y,z
0,0.115924,-0.011029
1,0.136108,0.001171
2,0.142346,0.008032
3,0.178203,0.076048
4,0.170122,0.113813
5,0.166132,0.122801
6,0.161574,0.132442
7,0.127355,0.156703
8,0.107340,0.164932
9,0.069733,0.173172
10,0.021960,0.150516
11,-0.001417,0.114994
12,-0.002908,0.095387
13,0.001061,0.070914
14,0.014487,0.019839
15,0.020582,0.006822
16,0.115924,-0.011029