pt_idx,x,y,z
0,0.075297,-0.024134
1,0.138765,-0.003691
2,0.157020,0.027131
3,0.167898,0.048030
4,0.175668,0.064133
5,0.166703,0.110660
6,0.158321,0.130469
7,0.147239,0.141752
8,0.130008,0.159013
9,0.106265,0.166751
10,0.089511,0.172028
11,0.059310,0.172855
12,0.039711,0.156726
13,-0.018680,0.096586
14,-0.005661,0.044350
15,0.009196,0.002336
16,0.038676,-0.011061
17,0.064450,-0.020337
18,0.075297,-0.024134