pt_idx,x,y,z
0,-0.095182,-0.091217,0.000000
1,0.084063,0.078146,0.000000