pt_idx,x,y,z
0,-0.100900,-0.116030
1,-0.086887,-0.115147
2,-0.080261,-0.112890
3,-0.067297,-0.108193
4,-0.061931,-0.102550
5,-0.056210,-0.081628
6,-0.056261,-0.070672
7,-0.074327,-0.046866
8,-0.103520,-0.041666
9,-0.120484,-0.051005
10,-0.130560,-0.064827
11,-0.132477,-0.082275
12,-0.130727,-0.090807
13,-0.127311,-0.099150
14,-0.111348,-0.110192
15,-0.109868,-0.111038
16,-0.100900,-0.116030