pt_idx,x,y,z
0,-0.085951,-0.117008
1,-0.078441,-0.113886
2,-0.067991,-0.105653
3,-0.062264,-0.091991
4,-0.061271,-0.087181
5,-0.063353,-0.076148
6,-0.068357,-0.062832
7,-0.074970,-0.055893
8,-0.093528,-0.049769
9,-0.115294,-0.057457
10,-0.125700,-0.070733
11,-0.127393,-0.085202
12,-0.125955,-0.092863
13,-0.116260,-0.109732
14,-0.106598,-0.112908
15,-0.085951,-0.117008