pt_idx,x,y,z
0,-0.090696,-0.092526,0.000000
1,0.087236,0.087828,0.000000