pt_idx,x,y,z
0,0.084035,-0.025113
1,0.129609,-0.008159
2,0.156774,0.018710
3,0.168630,0.040766
4,0.174851,0.069889
5,0.173038,0.097752
6,0.164398,0.117195
7,0.131025,0.154985
8,0.115612,0.164680
9,0.068091,0.175885
10,0.044371,0.169457
11,0.012956,0.154085
12,-0.003523,0.136675
13,-0.020164,0.114342
14,-0.006270,0.011719
15,0.060552,-0.015718
16,0.084035,-0.025113