pt_idx,x,y,z
0,0.075003,0.007899
1,0.088307,0.011121
2,0.129122,0.025272
3,0.145673,0.045323
4,0.151310,0.057146
5,0.154520,0.079559
6,0.150839,0.104927
7,0.142008,0.122030
8,0.127395,0.138415
9,0.102359,0.151060
10,0.095070,0.150863
11,0.056359,0.149175
12,0.040975,0.141490
13,0.009608,0.090237
14,0.014524,0.056884
15,0.036909,0.023264
16,0.075003,0.007899