pt_idx,x,y,z
0,-0.091097,-0.121137
1,-0.071465,-0.115266
2,-0.060102,-0.105524
3,-0.057614,-0.093675
4,-0.055860,-0.078270
5,-0.058351,-0.071758
6,-0.064982,-0.063097
7,-0.082639,-0.054046
8,-0.099967,-0.055939
9,-0.112846,-0.061283
10,-0.121507,-0.074659
11,-0.124008,-0.082468
12,-0.123549,-0.089497
13,-0.120828,-0.100729
14,-0.116281,-0.108370
15,-0.099681,-0.119985
16,-0.091097,-0.121137