pt_idx,x,y,z
0,-0.090614,-0.128999
1,-0.078802,-0.127048
2,-0.065366,-0.117871
3,-0.063217,-0.114337
4,-0.054053,-0.091310
5,-0.056624,-0.080844
6,-0.076833,-0.058937
7,-0.092063,-0.057537
8,-0.097268,-0.057109
9,-0.099045,-0.057358
10,-0.107406,-0.060192
11,-0.120407,-0.070284
12,-0.126356,-0.089589
13,-0.125685,-0.104583
14,-0.118813,-0.113728
15,-0.106200,-0.124387
16,-0.097297,-0.128061
17,-0.090614,-0.128999