pt_idx,x,y,z
0,0.097780,0.018317
1,0.112319,0.026251
2,0.147252,0.050590
3,0.153693,0.089964
4,0.136712,0.121484
5,0.123922,0.136182
6,0.105238,0.142777
7,0.076622,0.138524
8,0.065103,0.131777
9,0.052812,0.123575
10,0.031931,0.099210
11,0.039325,0.048154
12,0.062868,0.030785
13,0.097780,0.018317