pt_idx,x,y,z
0,0.095548,0.005696
1,0.104940,0.006040
2,0.135955,0.018791
3,0.150495,0.035184
4,0.151093,0.039412
5,0.152217,0.058915
6,0.154255,0.097925
7,0.134681,0.121790
8,0.102558,0.138764
9,0.089443,0.139701
10,0.064047,0.131425
11,0.050179,0.119321
12,0.039711,0.110154
13,0.028015,0.096230
14,0.026484,0.058173
15,0.053156,0.018295
16,0.066919,0.013087
17,0.095548,0.005696