pt_idx,x,y,z
0,-0.097396,-0.095346,0.000000
1,0.088711,0.084584,0.000000