pt_idx,x,y,z
0,-0.091996,-0.093801,0.000000
1,0.074710,0.085124,0.000000