pt_idx,x,y,z
0,-0.095351,-0.122453
1,-0.083335,-0.116827
2,-0.069910,-0.104383
3,-0.067545,-0.094332
4,-0.066021,-0.083823
5,-0.069418,-0.071363
6,-0.077289,-0.064971
7,-0.097055,-0.058678
8,-0.105670,-0.058190
9,-0.126951,-0.069302
10,-0.129103,-0.074671
11,-0.129397,-0.090273
12,-0.126333,-0.108487
13,-0.114969,-0.118368
14,-0.109036,-0.121235
15,-0.095351,-0.122453