pt_idx,x,y,z
0,-0.101766,-0.128839
1,-0.083241,-0.127559
2,-0.079424,-0.125873
3,-0.065343,-0.118318
4,-0.055184,-0.097677
5,-0.058246,-0.079074
6,-0.065713,-0.069255
7,-0.088428,-0.057829
8,-0.092003,-0.056588
9,-0.095765,-0.057126
10,-0.102108,-0.058613
11,-0.105400,-0.060089
12,-0.119161,-0.067098
13,-0.122595,-0.070992
14,-0.126445,-0.100695
15,-0.124980,-0.105938
16,-0.118226,-0.116774
17,-0.114607,-0.121580
18,-0.110968,-0.125628
19,-0.101766,-0.128839