pt_idx,x,y,z
0,-0.088471,-0.134837
1,-0.075791,-0.133490
2,-0.053384,-0.119764
3,-0.050119,-0.117498
4,-0.045632,-0.106545
5,-0.045464,-0.105579
6,-0.053365,-0.076735
7,-0.063814,-0.068444
8,-0.067310,-0.066875
9,-0.074735,-0.066872
10,-0.089998,-0.068823
11,-0.094925,-0.071014
12,-0.099297,-0.074037
13,-0.103892,-0.079251
14,-0.107721,-0.083683
15,-0.110776,-0.095539
16,-0.111044,-0.099397
17,-0.111180,-0.103130
18,-0.111008,-0.113946
19,-0.098407,-0.129256
20,-0.088471,-0.134837