pt_idx,x,y,z
0,-0.098658,-0.128712
1,-0.089996,-0.127393
2,-0.070820,-0.121959
3,-0.059714,-0.105886
4,-0.056205,-0.096122
5,-0.065134,-0.070253
6,-0.068100,-0.068476
7,-0.085316,-0.059779
8,-0.103366,-0.060823
9,-0.110308,-0.061515
10,-0.115861,-0.066950
11,-0.128627,-0.085959
12,-0.129201,-0.095563
13,-0.121124,-0.112556
14,-0.113659,-0.121688
15,-0.105626,-0.125575
16,-0.098658,-0.128712