pt_idx,x,y,z
0,-0.087996,-0.102024,0.000000
1,0.080343,0.087886,0.000000