pt_idx,x,y,z
0,-0.088361,-0.127959
1,-0.086244,-0.127883
2,-0.071201,-0.116751
3,-0.062949,-0.106995
4,-0.056671,-0.088744
5,-0.061394,-0.075764
6,-0.076977,-0.061405
7,-0.086986,-0.060396
8,-0.090202,-0.060342
9,-0.118050,-0.067686
10,-0.128096,-0.080406
11,-0.129373,-0.084015
12,-0.129926,-0.093250
13,-0.128127,-0.101916
14,-0.118900,-0.115276
15,-0.115998,-0.118552
16,-0.108887,-0.123726
17,-0.098973,-0.127755
18,-0.088361,-0.127959