pt_idx,x,y,z
0,-0.086665,-0.127788
1,-0.074835,-0.124251
2,-0.055826,-0.103535
3,-0.055109,-0.098007
4,-0.054946,-0.079608
5,-0.055950,-0.077390
6,-0.068188,-0.065658
7,-0.071982,-0.062416
8,-0.078320,-0.059840
9,-0.098083,-0.056581
10,-0.108654,-0.060304
11,-0.111524,-0.061931
12,-0.119029,-0.069416
13,-0.122571,-0.074985
14,-0.125973,-0.086171
15,-0.122192,-0.101741
16,-0.110998,-0.117532
17,-0.097451,-0.126855
18,-0.086665,-0.127788