pt_idx,x,y,z
0,-0.095051,-0.088420,0.000000
1,0.094899,0.078155,0.000000