pt_idx,x,y,z
0,-0.098890,-0.129784
1,-0.090664,-0.128626
2,-0.083615,-0.126640
3,-0.060209,-0.111926
4,-0.057129,-0.082348
5,-0.071778,-0.065888
6,-0.084293,-0.058357
7,-0.093971,-0.054295
8,-0.120639,-0.069176
9,-0.123046,-0.074871
10,-0.129426,-0.096803
11,-0.125618,-0.109596
12,-0.119611,-0.119276
13,-0.098890,-0.129784