pt_idx,x,y,z
0,0.067190,-0.022637
1,0.120184,-0.015194
2,0.133310,-0.006703
3,0.167567,0.030475
4,0.172646,0.085553
5,0.157991,0.122919
6,0.130130,0.149665
7,0.089141,0.160371
8,0.067666,0.164791
9,0.050604,0.156391
10,0.025404,0.138233
11,-0.004368,0.110436
12,-0.020500,0.087249
13,-0.007384,0.041101
14,0.007455,0.007919
15,0.008666,0.005706
16,0.067190,-0.022637