pt_idx,x,y,z
0,0.107682,-0.013380
1,0.143671,0.001597
2,0.171399,0.047744
3,0.172912,0.051164
4,0.181499,0.085878
5,0.162850,0.141714
6,0.127702,0.170509
7,0.107880,0.177244
8,0.086943,0.179608
9,0.029435,0.162633
10,0.001964,0.113766
11,-0.001752,0.093741
12,-0.002990,0.082355
13,-0.004738,0.038551
14,-0.002584,0.030471
15,0.001898,0.024760
16,0.041218,-0.008791
17,0.053107,-0.010992
18,0.107682,-0.013380