pt_idx,x,y,z
0,0.063545,-0.025492
1,0.114456,-0.018269
2,0.161095,0.020036
3,0.169179,0.083596
4,0.170766,0.116825
5,0.148751,0.144595
6,0.137194,0.158798
7,0.101386,0.178887
8,0.090048,0.183538
9,0.065260,0.182909
10,0.046394,0.181643
11,0.012627,0.168134
12,0.002714,0.158857
13,-0.029585,0.107851
14,-0.010494,0.030659
15,-0.000330,0.000491
16,0.063545,-0.025492