pt_idx,x,y,z
0,-0.084484,-0.126555
1,-0.059229,-0.117019
2,-0.054666,-0.110925
3,-0.050991,-0.094255
4,-0.048994,-0.077002
5,-0.054763,-0.066115
6,-0.066014,-0.053703
7,-0.084706,-0.051362
8,-0.097990,-0.049807
9,-0.124449,-0.076256
10,-0.124165,-0.083397
11,-0.122007,-0.100199
12,-0.119937,-0.107288
13,-0.109135,-0.117227
14,-0.096586,-0.123696
15,-0.084484,-0.126555