pt_idx,x,y,z
0,0.092915,-0.008591
1,0.126707,-0.003715
2,0.147273,0.014111
3,0.156165,0.035323
4,0.166172,0.060404
5,0.165608,0.076401
6,0.155104,0.113885
7,0.146208,0.144939
8,0.124099,0.161191
9,0.118664,0.163496
10,0.059373,0.173152
11,0.049132,0.171242
12,0.005829,0.148670
13,-0.002019,0.141502
14,-0.016854,0.083142
15,-0.019904,0.053210
16,0.011038,0.003202
17,0.028911,-0.000490
18,0.092915,-0.008591