pt_idx,x,y,z
0,-0.081075,-0.119594
1,-0.072565,-0.119154
2,-0.051968,-0.101200
3,-0.054023,-0.083270
4,-0.057413,-0.065787
5,-0.057917,-0.064314
6,-0.068392,-0.052240
7,-0.076212,-0.051196
8,-0.085579,-0.052044
9,-0.103798,-0.054691
10,-0.106926,-0.059192
11,-0.113678,-0.069176
12,-0.119057,-0.096494
13,-0.112342,-0.107240
14,-0.110697,-0.109227
15,-0.103672,-0.113876
16,-0.094817,-0.117549
17,-0.084895,-0.119185
18,-0.081075,-0.119594