pt_idx,x,y,z
0,-0.089215,-0.119128
1,-0.066656,-0.108309
2,-0.065341,-0.106930
3,-0.059132,-0.086952
4,-0.058249,-0.068762
5,-0.067136,-0.060789
6,-0.081324,-0.050971
7,-0.094884,-0.047021
8,-0.103870,-0.049876
9,-0.116752,-0.056569
10,-0.120376,-0.059285
11,-0.125358,-0.066893
12,-0.128198,-0.075449
13,-0.128428,-0.080098
14,-0.128479,-0.084324
15,-0.119756,-0.106090
16,-0.095295,-0.116945
17,-0.089215,-0.119128