pt_idx,x,y,z
0,-0.092380,-0.093493,0.000000
1,0.076686,0.083789,0.000000