pt_idx,x,y,z
0,-0.097234,-0.095328,0.000000
1,0.089238,0.085767,0.000000