pt_idx,x,y,z
0,-0.096939,-0.093955,0.000000
1,0.083103,0.092713,0.000000