pt_idx,x,y,z
0,0.093849,-0.016449
1,0.116725,-0.006351
2,0.124806,-0.000419
3,0.161460,0.063809
4,0.164461,0.078108
5,0.167399,0.116253
6,0.149527,0.140755
7,0.128798,0.160633
8,0.122041,0.164273
9,0.062679,0.169215
10,0.012753,0.141800
11,-0.001734,0.125828
12,-0.012053,0.093047
13,-0.012419,0.046201
14,-0.012187,0.043228
15,0.013677,0.023907
16,0.045396,0.001238
17,0.082001,-0.015588
18,0.093849,-0.016449