pt_idx,x,y,z
0,0.104372,-0.026234
1,0.133062,-0.011680
2,0.156264,0.010597
3,0.162840,0.022358
4,0.185704,0.089559
5,0.177986,0.107974
6,0.164906,0.130579
7,0.136418,0.155253
8,0.108601,0.166406
9,0.079589,0.172069
10,0.063075,0.170542
11,0.031362,0.154325
12,0.009044,0.131449
13,0.003480,0.119117
14,-0.000946,0.100513
15,-0.008597,0.048806
16,-0.003435,0.035789
17,0.007166,0.010151
18,0.014697,0.001553
19,0.104372,-0.026234