pt_idx,x,y,z
0,-0.096573,-0.098955,0.000000
1,0.091390,0.089666,0.000000