pt_idx,x,y,z
0,0.093296,0.014084
1,0.109268,0.014887
2,0.135359,0.029653
3,0.151706,0.039102
4,0.154440,0.047633
5,0.160733,0.067373
6,0.161151,0.072164
7,0.160136,0.099653
8,0.143540,0.125522
9,0.124050,0.142471
10,0.107522,0.146146
11,0.079141,0.147215
12,0.070700,0.145781
13,0.061868,0.137181
14,0.043210,0.116833
15,0.028857,0.099825
16,0.029809,0.088254
17,0.034481,0.060401
18,0.039291,0.035862
19,0.042396,0.031934
20,0.055659,0.020063
21,0.093296,0.014084