pt_idx,x,y,z
0,-0.098598,-0.082920,0.000000
1,0.092481,0.081958,0.000000