pt_idx,x,y,z
0,-0.092328,-0.092697,0.000000
1,0.090319,0.077010,0.000000