pt_idx,x,y,z
0,-0.089159,-0.097841,0.000000
1,0.069065,0.099389,0.000000