pt_idx,x,y,z
0,-0.093028,-0.095766,0.000000
1,0.090396,0.086592,0.000000