pt_idx,x,y,z
0,0.070636,0.016814
1,0.083733,0.020252
2,0.092161,0.022943
3,0.106671,0.029871
4,0.139675,0.081078
5,0.136165,0.093787
6,0.124264,0.129066
7,0.105742,0.151686
8,0.084173,0.159592
9,0.028009,0.142283
10,0.022332,0.139629
11,0.014479,0.133809
12,-0.002182,0.075735
13,0.008319,0.052872
14,0.032985,0.030103
15,0.039185,0.025038
16,0.044601,0.021804
17,0.070636,0.016814