pt_idx,x,y,z
0,0.076125,0.021529
1,0.122390,0.028996
2,0.124568,0.029551
3,0.142292,0.045917
4,0.150420,0.056114
5,0.158028,0.079685
6,0.154648,0.110216
7,0.143666,0.127519
8,0.129500,0.140671
9,0.116472,0.148941
10,0.085266,0.153570
11,0.041646,0.129623
12,0.028605,0.107358
13,0.027743,0.088719
14,0.034355,0.053765
15,0.048147,0.037884
16,0.076125,0.021529