pt_idx,x,y,z
0,-0.106675,-0.117971
1,-0.096341,-0.115834
2,-0.083897,-0.109318
3,-0.077633,-0.101406
4,-0.074912,-0.095539
5,-0.073101,-0.077980
6,-0.076026,-0.070837
7,-0.078465,-0.065507
8,-0.087035,-0.058646
9,-0.089193,-0.057270
10,-0.094556,-0.054250
11,-0.106710,-0.053748
12,-0.118422,-0.053927
13,-0.124922,-0.058480
14,-0.134313,-0.081307
15,-0.136009,-0.095309
16,-0.128447,-0.108572
17,-0.125232,-0.110880
18,-0.111904,-0.117092
19,-0.106675,-0.117971