pt_idx,x,y,z
0,-0.090405,-0.095458,0.000000
1,0.070453,0.084878,0.000000