pt_idx,x,y,z
0,-0.094808,-0.094438,0.000000
1,0.079201,0.088747,0.000000