pt_idx,x,y,z
0,0.064881,-0.005003
1,0.130422,0.000951
2,0.163856,0.047984
3,0.167279,0.059180
4,0.170395,0.076413
5,0.169907,0.111185
6,0.150489,0.156152
7,0.147362,0.159343
8,0.119534,0.174701
9,0.073820,0.187204
10,0.034098,0.186711
11,-0.008207,0.145853
12,-0.037023,0.089448
13,-0.000044,0.026541
14,0.017595,0.012431
15,0.064881,-0.005003