pt_idx,x,y,z
0,0.077552,-0.032900
1,0.121773,-0.014843
2,0.128027,-0.012032
3,0.149632,-0.002214
4,0.167966,0.029300
5,0.175131,0.048685
6,0.170190,0.107293
7,0.130625,0.160650
8,0.051642,0.178370
9,0.033915,0.179218
10,0.024756,0.172523
11,-0.006518,0.144915
12,-0.044871,0.087239
13,-0.016784,0.018173
14,0.037529,-0.026542
15,0.077552,-0.032900