pt_idx,x,y,z
0,-0.097138,-0.133023
1,-0.071036,-0.127988
2,-0.059351,-0.113340
3,-0.047750,-0.097302
4,-0.050577,-0.075533
5,-0.079216,-0.051919
6,-0.107509,-0.053661
7,-0.127943,-0.075558
8,-0.130585,-0.090928
9,-0.130274,-0.100554
10,-0.114446,-0.122042
11,-0.110938,-0.125569
12,-0.104048,-0.131271
13,-0.097138,-0.133023