pt_idx,x,y,z
0,-0.094075,-0.089974,0.000000
1,0.087048,0.078291,0.000000