pt_idx,x,y,z
0,0.048663,-0.027956
1,0.143020,-0.011207
2,0.171779,0.024957
3,0.182900,0.054840
4,0.187533,0.072760
5,0.182690,0.102926
6,0.172735,0.124289
7,0.142644,0.156134
8,0.129359,0.167620
9,0.121527,0.171414
10,0.068899,0.179818
11,0.002434,0.159071
12,-0.021911,0.124436
13,-0.039078,0.095330
14,-0.017639,0.016164
15,0.048663,-0.027956