pt_idx,x,y,z
0,-0.091272,-0.095657,0.000000
1,0.087216,0.089876,0.000000