pt_idx,x,y,z
0,-0.103909,-0.088003,0.000000
1,0.092079,0.083091,0.000000