pt_idx,x,y,z
0,-0.101786,-0.085842,0.000000
1,0.099741,0.082859,0.000000