pt_idx,x,y,z
0,-0.093814,-0.093466,0.000000
1,0.083771,0.084584,0.000000