pt_idx,x,y,z
0,-0.093628,-0.097639,0.000000
1,0.083649,0.092201,0.000000