pt_idx,x,y,z
0,-0.100003,-0.113663
1,-0.091043,-0.113356
2,-0.086127,-0.111446
3,-0.074488,-0.103791
4,-0.070488,-0.099136
5,-0.066767,-0.084443
6,-0.071841,-0.063530
7,-0.093199,-0.045767
8,-0.110094,-0.048483
9,-0.112198,-0.049456
10,-0.128598,-0.061976
11,-0.131257,-0.082532
12,-0.130904,-0.090667
13,-0.130660,-0.093762
14,-0.130071,-0.095602
15,-0.123484,-0.104734
16,-0.107083,-0.112102
17,-0.100003,-0.113663