pt_idx,x,y,z
0,0.104143,0.017764
1,0.124949,0.022790
2,0.143714,0.040026
3,0.150839,0.057940
4,0.155609,0.076651
5,0.156363,0.081821
6,0.151964,0.104910
7,0.134151,0.127622
8,0.126768,0.131458
9,0.109338,0.138452
10,0.100675,0.141562
11,0.088097,0.141255
12,0.056494,0.127204
13,0.036129,0.106359
14,0.031329,0.095853
15,0.029781,0.081977
16,0.030464,0.076630
17,0.056425,0.031820
18,0.058771,0.028838
19,0.104143,0.017764