pt_idx,x,y,z
0,0.083220,0.005904
1,0.127413,0.023645
2,0.137239,0.031686
3,0.140727,0.040219
4,0.154180,0.088426
5,0.153138,0.096167
6,0.144117,0.112872
7,0.138588,0.122954
8,0.125575,0.136445
9,0.093421,0.150195
10,0.062951,0.151814
11,0.051041,0.143804
12,0.017453,0.112539
13,0.014760,0.100724
14,0.011643,0.061921
15,0.030005,0.043594
16,0.047636,0.027396
17,0.069865,0.011279
18,0.083220,0.005904