pt_idx,x,y,z
0,-0.083532,-0.122268
1,-0.074430,-0.119780
2,-0.066550,-0.116806
3,-0.053738,-0.098471
4,-0.058959,-0.072271
5,-0.060707,-0.065929
6,-0.061548,-0.064365
7,-0.077158,-0.055426
8,-0.093529,-0.056256
9,-0.104014,-0.059030
10,-0.105935,-0.060601
11,-0.109013,-0.064294
12,-0.119373,-0.082288
13,-0.119591,-0.087927
14,-0.118687,-0.092786
15,-0.117408,-0.098968
16,-0.111228,-0.111528
17,-0.103770,-0.116517
18,-0.095226,-0.120892
19,-0.083532,-0.122268