pt_idx,x,y,z
0,-0.091858,-0.090504,0.000000
1,0.092117,0.087110,0.000000