pt_idx,x,y,z
0,-0.100124,-0.131692
1,-0.094445,-0.130727
2,-0.072282,-0.126772
3,-0.069818,-0.123886
4,-0.056627,-0.099816
5,-0.056431,-0.089198
6,-0.058307,-0.082757
7,-0.062098,-0.074688
8,-0.082556,-0.059850
9,-0.097840,-0.059918
10,-0.117185,-0.067616
11,-0.122823,-0.074797
12,-0.129702,-0.090718
13,-0.129724,-0.098292
14,-0.129000,-0.103504
15,-0.124338,-0.115428
16,-0.112187,-0.127303
17,-0.100124,-0.131692