pt_idx,x,y,z
0,-0.083435,-0.127591
1,-0.068744,-0.113824
2,-0.054635,-0.099579
3,-0.054440,-0.097875
4,-0.063482,-0.071898
5,-0.078657,-0.059333
6,-0.096850,-0.062301
7,-0.116522,-0.071583
8,-0.124660,-0.083481
9,-0.124444,-0.085746
10,-0.123048,-0.098642
11,-0.119201,-0.113614
12,-0.112200,-0.120563
13,-0.110179,-0.122547
14,-0.106740,-0.123502
15,-0.095408,-0.126329
16,-0.083435,-0.127591