pt_idx,x,y,z
0,0.085951,0.015540
1,0.134382,0.039527
2,0.145344,0.095865
3,0.119441,0.129299
4,0.100327,0.141631
5,0.078062,0.143242
6,0.057282,0.137227
7,0.047052,0.131944
8,0.034472,0.121258
9,0.031428,0.116867
10,0.019033,0.095767
11,0.012910,0.077404
12,0.015526,0.064044
13,0.023173,0.053745
14,0.055301,0.018885
15,0.085951,0.015540