pt_idx,x,y,z
0,-0.105796,-0.124825
1,-0.092509,-0.124228
2,-0.079475,-0.122717
3,-0.067466,-0.117845
4,-0.055131,-0.101066
5,-0.056982,-0.077229
6,-0.072872,-0.062947
7,-0.085888,-0.055074
8,-0.096994,-0.053701
9,-0.110802,-0.059816
10,-0.122429,-0.070468
11,-0.126691,-0.079394
12,-0.129332,-0.087831
13,-0.127978,-0.101438
14,-0.126576,-0.107664
15,-0.116803,-0.120178
16,-0.105796,-0.124825