pt_idx,x,y,z
0,-0.093006,-0.087600,0.000000
1,0.088102,0.083747,0.000000