pt_idx,x,y,z
0,-0.104863,-0.112313
1,-0.091726,-0.111416
2,-0.084740,-0.110915
3,-0.074235,-0.105894
4,-0.070113,-0.102193
5,-0.062038,-0.094387
6,-0.055070,-0.079034
7,-0.056501,-0.061232
8,-0.078289,-0.044136
9,-0.087289,-0.037471
10,-0.110988,-0.036827
11,-0.114037,-0.039851
12,-0.128969,-0.061291
13,-0.133712,-0.074579
14,-0.133597,-0.083844
15,-0.131930,-0.086518
16,-0.117684,-0.106450
17,-0.107970,-0.111938
18,-0.104863,-0.112313