pt_idx,x,y,z
0,-0.094318,-0.095673,0.000000
1,0.087237,0.079392,0.000000