pt_idx,x,y,z
0,-0.098833,-0.114035
1,-0.093252,-0.113546
2,-0.084045,-0.111648
3,-0.067783,-0.095387
4,-0.062224,-0.083758
5,-0.061429,-0.072392
6,-0.061462,-0.068310
7,-0.082923,-0.047953
8,-0.096729,-0.042193
9,-0.118427,-0.050787
10,-0.127199,-0.061563
11,-0.131201,-0.072406
12,-0.132164,-0.079644
13,-0.125714,-0.098095
14,-0.120237,-0.104731
15,-0.113506,-0.109901
16,-0.098833,-0.114035