pt_idx,x,y,z
0,0.084554,0.019987
1,0.099763,0.020796
2,0.108906,0.024150
3,0.116907,0.028254
4,0.124035,0.035370
5,0.135966,0.050633
6,0.142456,0.063627
7,0.152384,0.085602
8,0.150920,0.108163
9,0.119791,0.149673
10,0.106792,0.155407
11,0.093062,0.157535
12,0.062376,0.154196
13,0.040358,0.137989
14,0.034489,0.129326
15,0.025742,0.112725
16,0.024113,0.105465
17,0.023750,0.063885
18,0.029000,0.054176
19,0.040739,0.039001
20,0.071972,0.021202
21,0.084554,0.019987