pt_idx,x,y,z
0,-0.096562,-0.130351
1,-0.089736,-0.129164
2,-0.082296,-0.126512
3,-0.068572,-0.119248
4,-0.064597,-0.116763
5,-0.057652,-0.097540
6,-0.060816,-0.083015
7,-0.068493,-0.071810
8,-0.092333,-0.061215
9,-0.100544,-0.062322
10,-0.113077,-0.067713
11,-0.117509,-0.071203
12,-0.119645,-0.074145
13,-0.127021,-0.085805
14,-0.128192,-0.096316
15,-0.127169,-0.104965
16,-0.120070,-0.115795
17,-0.108791,-0.128157
18,-0.101305,-0.130008
19,-0.096562,-0.130351