pt_idx,x,y,z
0,-0.095523,-0.127978
1,-0.089618,-0.127496
2,-0.078907,-0.126036
3,-0.067309,-0.117888
4,-0.056335,-0.106894
5,-0.054720,-0.103244
6,-0.054164,-0.099994
7,-0.068533,-0.059275
8,-0.097800,-0.050372
9,-0.110673,-0.055789
10,-0.126790,-0.076407
11,-0.127597,-0.082185
12,-0.128314,-0.099272
13,-0.125046,-0.106407
14,-0.119132,-0.115602
15,-0.099225,-0.127226
16,-0.095523,-0.127978