pt_idx,x,y,z
0,-0.092626,-0.095353,0.000000
1,0.085401,0.085106,0.000000