pt_idx,x,y,z
0,-0.088464,-0.130773
1,-0.080780,-0.129223
2,-0.064289,-0.119726
3,-0.053024,-0.089702
4,-0.058184,-0.073422
5,-0.068576,-0.064375
6,-0.076132,-0.058643
7,-0.100109,-0.054517
8,-0.111654,-0.059419
9,-0.116560,-0.063053
10,-0.122167,-0.072463
11,-0.126457,-0.080235
12,-0.127845,-0.083564
13,-0.129546,-0.092497
14,-0.130733,-0.099727
15,-0.126150,-0.111594
16,-0.107828,-0.126720
17,-0.088464,-0.130773