pt_idx,x,y,z
0,-0.095342,-0.092686,0.000000
1,0.088265,0.080344,0.000000