pt_idx,x,y,z
0,-0.095107,-0.087148,0.000000
1,0.094558,0.084324,0.000000