pt_idx,x,y,z
0,-0.094031,-0.094656,0.000000
1,0.089661,0.079052,0.000000