pt_idx,x,y,z
0,0.046309,-0.022373
1,0.103881,-0.021517
2,0.153454,0.018172
3,0.166192,0.072812
4,0.160077,0.110113
5,0.132867,0.137066
6,0.109505,0.158020
7,0.087036,0.160032
8,0.060423,0.154265
9,0.031649,0.144222
10,-0.008763,0.127330
11,-0.021642,0.094570
12,-0.017887,0.049929
13,-0.016180,0.030783
14,-0.009307,0.013604
15,0.003545,-0.003607
16,0.020559,-0.014203
17,0.046309,-0.022373