pt_idx,x,y,z
0,-0.091072,-0.094854,0.000000
1,0.083179,0.088561,0.000000