pt_idx,x,y,z
0,0.078275,0.002006
1,0.112700,0.006031
2,0.135350,0.018408
3,0.149415,0.030349
4,0.164166,0.061027
5,0.167453,0.071329
6,0.165277,0.102707
7,0.144767,0.144559
8,0.141932,0.146424
9,0.130565,0.151647
10,0.103058,0.163694
11,0.078409,0.169797
12,0.068702,0.166872
13,0.031973,0.150365
14,0.001956,0.115772
15,-0.001117,0.093350
16,0.002715,0.051813
17,0.042318,0.009388
18,0.054007,0.003560
19,0.078275,0.002006