pt_idx,x,y,z
0,0.082512,0.029204
1,0.101442,0.031009
2,0.117279,0.040496
3,0.139202,0.057346
4,0.142678,0.062931
5,0.149915,0.095858
6,0.146585,0.112980
7,0.139731,0.127534
8,0.129128,0.143621
9,0.110332,0.148767
10,0.068743,0.152955
11,0.045531,0.141928
12,0.031972,0.128286
13,0.020338,0.103962
14,0.020435,0.099080
15,0.038041,0.056877
16,0.041466,0.052212
17,0.056614,0.035036
18,0.082512,0.029204