pt_idx,x,y,z
0,0.055495,-0.022425
1,0.080487,-0.019375
2,0.121746,0.001427
3,0.139313,0.017393
4,0.161512,0.065158
5,0.160643,0.096249
6,0.154958,0.118422
7,0.129778,0.153694
8,0.096800,0.170002
9,0.069348,0.175584
10,0.030861,0.170287
11,-0.029200,0.116185
12,-0.019740,0.046672
13,-0.005979,0.009789
14,0.014106,-0.005459
15,0.055495,-0.022425