pt_idx,x,y,z
0,-0.091953,-0.092003,0.000000
1,0.079486,0.077108,0.000000