pt_idx,x,y,z
0,0.064862,0.013983
1,0.106948,0.015615
2,0.126237,0.018357
3,0.128261,0.019642
4,0.153410,0.056041
5,0.155594,0.059860
6,0.150653,0.106927
7,0.146740,0.117799
8,0.143532,0.119350
9,0.090858,0.138452
10,0.082441,0.141185
11,0.067605,0.138475
12,0.057891,0.135669
13,0.054020,0.133756
14,0.034149,0.110285
15,0.031974,0.099680
16,0.026037,0.048930
17,0.044927,0.021310
18,0.064862,0.013983