pt_idx,x,y,z
0,0.066630,-0.015672
1,0.144585,0.007388
2,0.153066,0.017147
3,0.168502,0.046412
4,0.174026,0.083408
5,0.151342,0.142229
6,0.089084,0.171283
7,0.069049,0.177048
8,0.044943,0.168245
9,-0.007882,0.125956
10,-0.021719,0.063400
11,-0.015209,0.037878
12,0.007393,0.001075
13,0.046526,-0.013711
14,0.066630,-0.015672