pt_idx,x,y,z
0,0.092849,0.008792
1,0.140994,0.035207
2,0.149144,0.084462
3,0.142155,0.107645
4,0.119024,0.135015
5,0.094720,0.142164
6,0.067375,0.140443
7,0.055668,0.135103
8,0.029301,0.111073
9,0.019513,0.084217
10,0.020255,0.061178
11,0.047999,0.027355
12,0.058447,0.019625
13,0.079744,0.012318
14,0.092849,0.008792