pt_idx,x,y,z
0,-0.091845,-0.125781
1,-0.079319,-0.120651
2,-0.071204,-0.115000
3,-0.063634,-0.105333
4,-0.061118,-0.090767
5,-0.062392,-0.079259
6,-0.063032,-0.076302
7,-0.067301,-0.066528
8,-0.073377,-0.063026
9,-0.094686,-0.054679
10,-0.118540,-0.067233
11,-0.120877,-0.071308
12,-0.130308,-0.095202
13,-0.122688,-0.111906
14,-0.114568,-0.118952
15,-0.095376,-0.124929
16,-0.091845,-0.125781