pt_idx,x,y,z
0,0.069069,-0.025845
1,0.097776,-0.024839
2,0.132938,-0.013344
3,0.141949,-0.004057
4,0.175630,0.070179
5,0.165292,0.106125
6,0.129381,0.156326
7,0.109672,0.168463
8,0.101370,0.168976
9,0.035697,0.160440
10,0.004358,0.143093
11,-0.009143,0.115526
12,-0.028527,0.051348
13,0.011953,-0.006132
14,0.026309,-0.021952
15,0.069069,-0.025845