pt_idx,x,y,z
0,-0.088971,-0.091330,0.000000
1,0.091004,0.087795,0.000000