pt_idx,x,y,z
0,-0.093739,-0.095969,0.000000
1,0.082952,0.093440,0.000000