pt_idx,x,y,z
0,-0.088589,-0.091073,0.000000
1,0.067974,0.078349,0.000000