pt_idx,x,y,z
0,-0.082674,-0.128350
1,-0.069614,-0.121530
2,-0.053485,-0.098206
3,-0.062464,-0.067332
4,-0.077092,-0.059611
5,-0.089697,-0.054338
6,-0.109186,-0.060222
7,-0.123201,-0.068215
8,-0.129806,-0.097053
9,-0.125064,-0.106812
10,-0.119548,-0.117654
11,-0.105429,-0.126887
12,-0.095011,-0.128214
13,-0.082674,-0.128350