pt_idx,x,y,z
0,0.042695,-0.000438
1,0.099044,0.000360
2,0.140481,0.030103
3,0.153281,0.062469
4,0.152215,0.086408
5,0.147159,0.124047
6,0.143142,0.131131
7,0.129412,0.153685
8,0.101482,0.183812
9,0.067745,0.191954
10,0.012204,0.178795
11,-0.038781,0.104618
12,-0.034290,0.066641
13,-0.019909,0.045225
14,0.011081,0.012041
15,0.042695,-0.000438