pt_idx,x,y,z
0,-0.098399,-0.088568,0.000000
1,0.098637,0.084004,0.000000