pt_idx,x,y,z
0,-0.086174,-0.124423
1,-0.068185,-0.117183
2,-0.063254,-0.109418
3,-0.061923,-0.103942
4,-0.059095,-0.091186
5,-0.062339,-0.073303
6,-0.072124,-0.065745
7,-0.096654,-0.060984
8,-0.101666,-0.064230
9,-0.112470,-0.072692
10,-0.119549,-0.079910
11,-0.120635,-0.084468
12,-0.120856,-0.091707
13,-0.119666,-0.097344
14,-0.113806,-0.112882
15,-0.106611,-0.119237
16,-0.096881,-0.123161
17,-0.086174,-0.124423