pt_idx,x,y,z
0,0.089211,0.009600
1,0.105702,0.015290
2,0.130879,0.035324
3,0.144001,0.047007
4,0.153614,0.067913
5,0.150294,0.077069
6,0.130159,0.120207
7,0.121981,0.133761
8,0.112127,0.144535
9,0.089023,0.149989
10,0.081460,0.151379
11,0.037499,0.137030
12,0.008525,0.077325
13,0.015545,0.049028
14,0.072577,0.012412
15,0.089211,0.009600