pt_idx,x,y,z
0,-0.097219,-0.133138
1,-0.093482,-0.132829
2,-0.083447,-0.131320
3,-0.080225,-0.130471
4,-0.056092,-0.119641
5,-0.054758,-0.117043
6,-0.052414,-0.108868
7,-0.051055,-0.086507
8,-0.050992,-0.080476
9,-0.074112,-0.058999
10,-0.081698,-0.058125
11,-0.096004,-0.058119
12,-0.104793,-0.061207
13,-0.116961,-0.073059
14,-0.123323,-0.088975
15,-0.123124,-0.102448
16,-0.118852,-0.117393
17,-0.103418,-0.130292
18,-0.097219,-0.133138