pt_idx,x,y,z
0,-0.089659,-0.119224
1,-0.081843,-0.118464
2,-0.069276,-0.110942
3,-0.061346,-0.095404
4,-0.061151,-0.079164
5,-0.061199,-0.075803
6,-0.061646,-0.073616
7,-0.072139,-0.061134
8,-0.073682,-0.060322
9,-0.082122,-0.056246
10,-0.096585,-0.054231
11,-0.103118,-0.058560
12,-0.120965,-0.077289
13,-0.123216,-0.092898
14,-0.122900,-0.095246
15,-0.119134,-0.102112
16,-0.107579,-0.114602
17,-0.094541,-0.118562
18,-0.089659,-0.119224