pt_idx,x,y,z
0,-0.091619,-0.133707
1,-0.071460,-0.132495
2,-0.059022,-0.125354
3,-0.047143,-0.101209
4,-0.057120,-0.085909
5,-0.070548,-0.066578
6,-0.073151,-0.065042
7,-0.083638,-0.064879
8,-0.098452,-0.068712
9,-0.116187,-0.086185
10,-0.118582,-0.095808
11,-0.117176,-0.106861
12,-0.116533,-0.110936
13,-0.115956,-0.114049
14,-0.104228,-0.128404
15,-0.093725,-0.132944
16,-0.091619,-0.133707