pt_idx,x,y,z
0,0.079631,0.015583
1,0.125447,0.031135
2,0.126149,0.031531
3,0.146078,0.058601
4,0.145065,0.108401
5,0.143769,0.110902
6,0.131396,0.129781
7,0.109535,0.147351
8,0.071196,0.152158
9,0.041266,0.133746
10,0.019609,0.115915
11,0.013417,0.085594
12,0.039848,0.027533
13,0.079631,0.015583