pt_idx,x,y,z
0,-0.093686,-0.132708
1,-0.064922,-0.118445
2,-0.047217,-0.099665
3,-0.048391,-0.077763
4,-0.067727,-0.057596
5,-0.099519,-0.047814
6,-0.106366,-0.051428
7,-0.115072,-0.057818
8,-0.123267,-0.065261
9,-0.128781,-0.071826
10,-0.130961,-0.087272
11,-0.131546,-0.099461
12,-0.121895,-0.115991
13,-0.119450,-0.119158
14,-0.115269,-0.123088
15,-0.097583,-0.132553
16,-0.093686,-0.132708