pt_idx,x,y,z
0,0.088595,0.010191
1,0.095552,0.010452
2,0.132340,0.029689
3,0.151055,0.079499
4,0.149134,0.085012
5,0.138997,0.110223
6,0.137386,0.112552
7,0.132405,0.117114
8,0.114693,0.131403
9,0.091554,0.141224
10,0.067326,0.140481
11,0.060481,0.137270
12,0.038185,0.125394
13,0.024976,0.106178
14,0.019560,0.070443
15,0.024940,0.049466
16,0.031637,0.038495
17,0.049654,0.021472
18,0.088595,0.010191