pt_idx,x,y,z
0,-0.093116,-0.128586
1,-0.086307,-0.128150
2,-0.081973,-0.127456
3,-0.063637,-0.107503
4,-0.062097,-0.104777
5,-0.056108,-0.093865
6,-0.054061,-0.082079
7,-0.065654,-0.062691
8,-0.090849,-0.051330
9,-0.099811,-0.051645
10,-0.112776,-0.060445
11,-0.126658,-0.077374
12,-0.128832,-0.085052
13,-0.123044,-0.112367
14,-0.111412,-0.122906
15,-0.103707,-0.127821
16,-0.093116,-0.128586