pt_idx,x,y,z
0,0.080322,0.022030
1,0.102401,0.022970
2,0.122667,0.036884
3,0.130110,0.047244
4,0.137582,0.065948
5,0.142281,0.077862
6,0.141944,0.088865
7,0.137109,0.109132
8,0.130871,0.124129
9,0.116489,0.139440
10,0.097439,0.149395
11,0.076392,0.153055
12,0.059882,0.151838
13,0.027394,0.132476
14,0.017001,0.119504
15,0.015962,0.074922
16,0.021474,0.064127
17,0.046445,0.026579
18,0.080322,0.022030