pt_idx,x,y,z
0,-0.087255,-0.126858
1,-0.085216,-0.126794
2,-0.064791,-0.116771
3,-0.053591,-0.084352
4,-0.063365,-0.063341
5,-0.077346,-0.058079
6,-0.086760,-0.054725
7,-0.093138,-0.053149
8,-0.114124,-0.061703
9,-0.116676,-0.065680
10,-0.125284,-0.094372
11,-0.121658,-0.107087
12,-0.107289,-0.120181
13,-0.094138,-0.124998
14,-0.087255,-0.126858