pt_idx,x,y,z
0,0.093639,0.006938
1,0.139434,0.036342
2,0.155478,0.079062
3,0.148369,0.109171
4,0.137747,0.124174
5,0.114735,0.142652
6,0.092909,0.149888
7,0.049394,0.142969
8,0.043998,0.141600
9,0.030236,0.128205
10,0.022122,0.117539
11,0.011827,0.071400
12,0.029210,0.034291
13,0.046414,0.016914
14,0.051856,0.014474
15,0.093639,0.006938