pt_idx,x,y,z
0,-0.103250,-0.118971
1,-0.082946,-0.118232
2,-0.077141,-0.117704
3,-0.063766,-0.109293
4,-0.057091,-0.097869
5,-0.056837,-0.087121
6,-0.061436,-0.072877
7,-0.084637,-0.053354
8,-0.107025,-0.052853
9,-0.121621,-0.066995
10,-0.127526,-0.075497
11,-0.128342,-0.087079
12,-0.122422,-0.102510
13,-0.114857,-0.112497
14,-0.113497,-0.114249
15,-0.103250,-0.118971