pt_idx,x,y,z
0,-0.099461,-0.094580,0.000000
1,0.094302,0.091961,0.000000