pt_idx,x,y,z
0,-0.092519,-0.092298,0.000000
1,0.089282,0.095498,0.000000