pt_idx,x,y,z
0,-0.093515,-0.095123,0.000000
1,0.080821,0.085732,0.000000