pt_idx,x,y,z
0,-0.091255,-0.089316,0.000000
1,0.083516,0.085754,0.000000