pt_idx,x,y,z
0,-0.080568,-0.131388
1,-0.075121,-0.129654
2,-0.063544,-0.123719
3,-0.058883,-0.119156
4,-0.045086,-0.095301
5,-0.051258,-0.075182
6,-0.054245,-0.069964
7,-0.063541,-0.057909
8,-0.067207,-0.056939
9,-0.103887,-0.055390
10,-0.122179,-0.071829
11,-0.125980,-0.106910
12,-0.124325,-0.109179
13,-0.116730,-0.119405
14,-0.096912,-0.127822
15,-0.088454,-0.130516
16,-0.080568,-0.131388