pt_idx,x,y,z
0,0.118137,0.009140
1,0.135262,0.018130
2,0.144916,0.027765
3,0.153138,0.045781
4,0.158999,0.063841
5,0.149180,0.104591
6,0.134281,0.121723
7,0.108269,0.138635
8,0.075223,0.138640
9,0.056770,0.130475
10,0.045841,0.123263
11,0.022503,0.058732
12,0.025405,0.044938
13,0.055445,0.023279
14,0.118137,0.009140