pt_idx,x,y
0,-0.630000,-0.127600,0.000000
1,0.514600,-0.557300,0.000000