core_idx,g1,g2
0,0.017400,0.085550
1,0.034713,0.465858
2,0.083312,0.492123
3,0.097248,0.488622
4,0.061672,0.484202
5,0.025352,0.007051
6,0.037337,0.447510
7,0.083181,0.026260
8,0.101647,0.013332
9,0.080241,0.001259
10,0.066135,0.122716
11,0.010213,0.439476
12,0.007771,0.005094