pt_idx,x,y,z
0,0.000000,0.000000,0.000000
1,-0.500000,-0.866025,0.000000
2,0.500000,-0.866025,0.000000
3,1.000000,-0.000000,0.000000
4,0.500000,0.866025,0.000000
5,-0.500000,0.866025,0.000000
6,-1.000000,-0.000000,0.000000
7,-1.000000,-1.732051,0.000000
8,0.000000,-1.732051,0.000000
9,1.000000,-1.732051,0.000000
10,1.500000,-0.866025,0.000000
11,2.000000,-0.000000,0.000000
12,1.500000,0.866025,0.000000
13,1.000000,1.732051,0.000000
14,0.000000,1.732051,0.000000
15,-1.000000,1.732051,0.000000
16,-1.500000,0.866025,0.000000
17,-2.000000,-0.000000,0.000000
18,-1.500000,-0.866025,0.000000