core_idx,g1,g2
0,0.258105,0.328636
1,0.079792,0.278223
2,0.381500,0.252964
3,0.091560,0.355335