core_idx,g1,g2
0,0.017400,0.085550
1,0.034713,0.465858
2,0.083312,0.492123
3,0.097248,0.488622
4,0.061672,0.484202
5,0.025352,0.007051
6,0.037337,0.447510