core_idx,g1,g2
0,0.045113,0.490270
1,0.078773,0.007253
2,0.029826,0.024181