pt_idx,x,y,z
0,0.600785,-0.277252
1,0.612471,-0.261208
2,0.616081,-0.256143
3,0.653736,-0.139347
4,0.654277,0.121621
5,0.652981,0.131069
6,0.614048,0.242083
7,0.597696,0.267110
8,0.587525,0.270983
9,0.573747,0.273375
10,-0.566915,0.268559
11,-0.591307,0.238828
12,-0.623997,0.124789
13,-0.626660,-0.109245
14,-0.626368,-0.137844
15,-0.587254,-0.259465
16,-0.551368,-0.268202
17,0.600785,-0.277252