pt_idx,x,y,z
0,-0.519496,-0.325207
1,0.260667,0.061979
2,0.159583,0.206443
3,0.025599,0.391624
4,-0.236350,0.602281
5,-0.727700,0.223666
6,-0.722189,0.074612
7,-0.685982,-0.164619
8,-0.532453,-0.319146
9,-0.519496,-0.325207