pt_idx,x,y,z
0,0.256964,-0.510790
1,0.259360,-0.001338
2,0.254394,0.512637
3,0.236502,0.565182
4,0.001410,0.563329
5,-0.598331,0.283149
6,-0.605819,0.263170
7,-0.605398,0.244417
8,-0.587289,-0.271423
9,-0.550202,-0.305357
10,-0.226711,-0.451442
11,0.256964,-0.510790