pt_idx,x,y,z
0,-0.072075,-0.508490
1,0.506128,-0.438159
2,0.564854,-0.198829
3,0.571140,-0.095072
4,0.237847,0.375755
5,-0.007129,0.435666
6,-0.061707,0.427732
7,-0.304734,0.061292
8,-0.072075,-0.508490