pt_idx,x,y
0,-0.250000,-0.126000,0.000000
1,0.150000,0.170000,0.000000