pt_idx,x,y
<<<<<<< HEAD
0,-0.630000,-0.127600,0.000000
1,0.514600,-0.557300,0.000000
=======
0,-0.250000,-0.126000,0.000000
1,0.150000,0.170000,0.000000
>>>>>>> d29bd456affb148bf486bfc83e35d9a6de2389f5
