pt_idx,x,y
0,-0.157500,-0.031900,0.000000
1,0.128650,-0.139325,0.000000