core_idx,g1,g2
<<<<<<< HEAD
0,0.619506,0.341916
1,0.864340,0.308624
2,0.662718,0.475048
=======
0,0.748938,0.417485
1,0.828375,0.344788
2,0.728264,0.409089
>>>>>>> d29bd456affb148bf486bfc83e35d9a6de2389f5
