core_idx,g1,g2
0,0.751527,0.354633
1,0.815997,0.346328
2,0.756563,0.392938