core_idx,g1,g2
0,311929.000000,0.000001
1,339285.000000,0.000001
2,314186.000000,0.000001