core_idx,g1,g2
0,0.748938,0.417485
1,0.828375,0.344788
2,0.728264,0.409089