core_idx,g1,g2
0,0.619506,0.341916
1,0.864340,0.308624
2,0.662718,0.475048