pt_idx,x,y,z
0,-0.012246,0.023008
1,0.036870,0.023381
2,0.091981,0.078652
3,0.097803,0.110876
4,0.097951,0.124345
5,0.088440,0.149188
6,0.082589,0.153986
7,0.032919,0.192635
8,0.006855,0.195780
9,-0.010062,0.192323
10,-0.019271,0.187461
11,-0.040352,0.172796
12,-0.059407,0.152312
13,-0.074159,0.115771
14,-0.065050,0.070032
15,-0.063352,0.064462
16,-0.036841,0.039924
17,-0.012246,0.023008