pt_idx,x,y,z
0,0.054241,-0.153969
1,0.146501,-0.139872
2,0.192276,-0.088335
3,0.222087,-0.054274
4,0.229564,-0.031917
5,0.222543,0.062014
6,0.189182,0.116402
7,0.155007,0.143719
8,0.095136,0.157238
9,0.062946,0.149937
10,0.023816,0.139185
11,-0.039433,0.105434
12,-0.055303,0.089209
13,-0.080225,0.013930
14,-0.065787,-0.058383
15,-0.033952,-0.095237
16,0.015448,-0.133402
17,0.054241,-0.153969