pt_idx,x,y,z
0,0.000000,0.000000,0.000000
1,-0.500000,-0.866025,0.000000
2,0.500000,-0.866025,0.000000
3,1.000000,-0.000000,0.000000
4,0.500000,0.866025,0.000000
5,-0.500000,0.866025,0.000000
6,-1.000000,-0.000000,0.000000