pt_idx,x,y,z
0,0.000000,0.000000,0.000000
1,-1.000000,-1.732051,0.000000
2,1.000000,-1.732051,0.000000
3,2.000000,-0.000000,0.000000
4,1.000000,1.732051,0.000000
5,-1.000000,1.732051,0.000000
6,-2.000000,-0.000000,0.000000