pt_idx,x,y,z
0,0.969572,-0.685094,0.000000
1,0.542197,-0.509223,0.000000