pt_idx,x,y,z
0,-0.242979,-0.120025,0.000000
1,0.136363,0.158300,0.000000