pt_idx,x,y,z
0,-0.098149,-0.095367,0.000000
1,0.090366,0.083402,0.000000