pt_idx,x,y,z
0,-0.626466,-0.136192,0.000000
1,0.511065,-0.554784,0.000000