pt_idx,x,y,z
0,-0.251177,-0.121545,0.000000
1,0.150283,0.164173,0.000000