pt_idx,x,y,z
0,-0.616289,-0.158224,0.000000
1,0.507263,-0.520102,0.000000