pt_idx,x,y
0,0.930456,-0.630252,0.000000
1,0.631176,-0.609558,0.000000