core_idx,g1,g2
0,0.819122,
0.000003
1,1.149146,0.000003
2,0.857747,0.000003