core_idx,g1,g2
0,1.170333,0.000000
1,1.108260,0.338491
2,0.939712,0.000000
3,0.796152,0.455590
4,0.753841,0.000000
5,0.930180,0.266632
6,1.114182,0.000000