core_idx,g1,g2
0,0.992960,0.000000
1,0.810725,0.360109
2,0.776476,0.000000
3,0.741148,0.391538
4,0.737721,0.000000
5,0.772133,0.342292
6,0.809903,0.000000