core_idx,g1,g2
0,0.838348,0.340858
1,1.177334,0.308660
2,0.898571,0.474922