pt_idx,x,y,z
0,-0.625245,-0.227295
1,-0.577318,-0.224856
2,-0.535664,-0.139396
3,-0.534763,-0.128170
4,-0.584454,-0.117392
5,-0.627794,-0.126218
6,-0.628374,-0.126589
7,-0.629256,-0.127320
8,-0.630426,-0.128348
9,-0.631390,-0.129195
10,-0.637049,-0.140236
11,-0.639052,-0.188048
12,-0.637821,-0.220243
13,-0.625245,-0.227295