pt_idx,x,y,z
0,-0.290294,-0.302171
1,-0.386107,-0.270514
2,-0.478459,-0.164020
3,-0.473826,-0.023423
4,-0.456211,0.109754
5,-0.380286,0.189826
6,-0.271168,0.256891
7,-0.093684,0.337368
8,0.077930,0.267559
9,0.109526,0.241245
10,0.214199,0.058914
11,0.124246,-0.347685
12,0.016816,-0.370822