pt_idx,x,y,z
0,0.959032,-0.828806
1,1.050219,-0.807397
2,1.109657,-0.703993
3,1.108335,-0.648514
4,1.029826,-0.551703
5,0.846220,-0.615145
6,0.821356,-0.678164
7,0.863776,-0.764337
8,0.959032,-0.828806