pt_idx,x,y,z
0,-0.092569,-0.135959
1,-0.089117,-0.134912
2,-0.078543,-0.129206
3,-0.063706,-0.119245
4,-0.059778,-0.105045
5,-0.057804,-0.095970
6,-0.058210,-0.077492
7,-0.065971,-0.066914
8,-0.078993,-0.055533
9,-0.097352,-0.049219
10,-0.108594,-0.050344
11,-0.114363,-0.052505
12,-0.130523,-0.068289
13,-0.141919,-0.098055
14,-0.137781,-0.112358
15,-0.137460,-0.112894
16,-0.130624,-0.119627
17,-0.126063,-0.123815
18,-0.111454,-0.133593
19,-0.092569,-0.135959