pt_idx,x,y,z
0,0.122523,0.073565
1,0.153033,0.076166
2,0.181378,0.086502
3,0.199709,0.100414
4,0.206545,0.111524
5,0.221367,0.145096
6,0.210258,0.197837
7,0.199089,0.210819
8,0.186984,0.224527
9,0.179639,0.230708
10,0.156487,0.238302
11,0.128052,0.238518
12,0.098638,0.233626
13,0.087790,0.226642
14,0.078243,0.219182
15,0.057356,0.188374
16,0.053848,0.182302
17,0.052197,0.131083
18,0.057958,0.120305
19,0.064064,0.112765
20,0.092078,0.083556
21,0.103053,0.077378
22,0.122523,0.073565