pt_idx,x,y,z
0,0.775008,-0.845493
1,0.799426,-0.570042
2,0.813048,-0.348793
3,0.812026,-0.326320
4,0.647099,-0.215092
5,0.619740,-0.208125
6,0.330317,-0.155530
7,0.224652,-0.641138
8,0.418450,-0.794461
9,0.458678,-0.809103
10,0.775008,-0.845493