pt_idx,x,y,z
0,0.369509,-0.573190
1,0.510290,-0.561481
2,0.512897,-0.559011
3,0.515147,-0.556726
4,0.531097,-0.537521
5,0.551213,-0.403240
6,0.372913,-0.552735
7,0.369509,-0.573190