pt_idx,x,y,z
0,0.093821,-0.018959
1,0.128702,-0.014130
2,0.176398,0.025303
3,0.188936,0.060623
4,0.184162,0.125564
5,0.154621,0.158380
6,0.119287,0.182275
7,0.095031,0.185733
8,0.090424,0.185895
9,0.045039,0.175092
10,0.040347,0.170072
11,0.009984,0.136913
12,-0.010408,0.074769
13,0.021697,0.020960
14,0.034234,0.003003
15,0.049006,-0.009012
16,0.093821,-0.018959