pt_idx,x,y
0,-0.100000,-0.100000,0.000000
1,0.100000,0.100000,0.000000