pt_idx,x,y
0,0.012594,0.109650,0.000000
1,0.075841,0.009895,0.000000