core_idx,g1,g2
0,0.997339,0.000000
1,0.743319,0.370822
2,0.753923,0.000000
3,0.787683,0.371621
4,0.811750,0.000000
5,0.800733,0.354408
6,0.766067,0.000000