pt_idx,x,y,z
0,-0.187744,-0.112953
1,-0.217606,-0.093502
2,-0.232889,-0.079641
3,-0.249206,-0.037130
4,-0.241394,0.003256
5,-0.213522,0.037142
6,-0.204094,0.046712
7,-0.201124,0.048321
8,-0.181570,0.052746
9,-0.151395,0.057215
10,-0.111929,0.043200
11,-0.100418,0.033573
12,-0.082729,0.009671
13,-0.076459,-0.016984
14,-0.076162,-0.040093
15,-0.080778,-0.062608
16,-0.093341,-0.083753
17,-0.097729,-0.089406
18,-0.126204,-0.109165
19,-0.136515,-0.112910
20,-0.166772,-0.115924